Open,High,Low,Close,Adj Close,Volume
74.05999755859375,75.1500015258789,73.79750061035156,75.0875015258789,72.87610626220703,135480400
74.2874984741211,75.1449966430664,74.125,74.35749816894531,72.16761779785156,146322800
73.44750213623047,74.98999786376953,73.1875,74.94999694824219,72.74264526367188,118387200
74.95999908447266,75.2249984741211,74.37000274658203,74.59750366210938,72.40052795410156,108872000
74.29000091552734,76.11000061035156,74.29000091552734,75.79750061035156,73.56520080566406,132079200
76.80999755859375,77.60749816894531,76.55000305175781,77.40750122070312,75.12779235839844,170108400
77.6500015258789,78.1675033569336,77.0625,77.5824966430664,75.29764556884766,140644800
77.91000366210938,79.26750183105469,77.7874984741211,79.23999786376953,76.90630340576172,121532000
79.17500305175781,79.39250183105469,78.0425033569336,78.16999816894531,75.86782836914062,161954400
77.9625015258789,78.875,77.38749694824219,77.83499908447266,75.5427017211914,121923600
78.39749908447266,78.92500305175781,78.02249908447266,78.80999755859375,76.4889907836914,108829200
79.06749725341797,79.68499755859375,78.75,79.68250274658203,77.33577728271484,137816400
79.29750061035156,79.75499725341797,79.0,79.14250183105469,76.81169128417969,110843200
79.6449966430664,79.99749755859375,79.32749938964844,79.42500305175781,77.08587646484375,101832400
79.4800033569336,79.88999938964844,78.9124984741211,79.80750274658203,77.45709991455078,104472000
80.0625,80.8324966430664,79.37999725341797,79.57749938964844,77.2338638305664,146537600
77.51499938964844,77.94249725341797,76.22000122070312,77.23750305175781,74.96278381347656,161940000
78.1500015258789,79.5999984741211,78.04750061035156,79.42250061035156,77.08344268798828,162234000
81.11250305175781,81.9625015258789,80.34500122070312,81.08499908447266,78.69696044921875,216229200
80.13500213623047,81.02249908447266,79.6875,80.96749877929688,78.58293914794922,126743200
80.23249816894531,80.66999816894531,77.07250213623047,77.37750244140625,75.09867858886719,199588400
76.07499694824219,78.37249755859375,75.55500030517578,77.16500091552734,74.89241790771484,173788400
78.82749938964844,79.91000366210938,78.40750122070312,79.7125015258789,77.36489868164062,136616400
80.87999725341797,81.19000244140625,79.73750305175781,80.36250305175781,77.99575805664062,118826800
80.64250183105469,81.30500030517578,80.06500244140625,81.30249786376953,78.9080581665039,105425600
80.59249877929688,80.8499984741211,79.5,80.00749969482422,77.83549499511719,117684000
78.54499816894531,80.38749694824219,78.4625015258789,80.38749694824219,78.20516967773438,109348800
80.9000015258789,80.9749984741211,79.67749786376953,79.90249633789062,77.73333740234375,94323200
80.36750030517578,81.80500030517578,80.36750030517578,81.80000305175781,79.57933044433594,113730400
81.04750061035156,81.55500030517578,80.8375015258789,81.21749877929688,79.01263427734375,94747600
81.18499755859375,81.49500274658203,80.7125015258789,81.23750305175781,79.03211212158203,80113600
78.83999633789062,79.9375,78.65249633789062,79.75,77.58499145507812,152531200
80.0,81.14250183105469,80.0,80.90499877929688,78.7086181640625,93984000
80.65750122070312,81.1624984741211,79.55249786376953,80.07499694824219,77.90117645263672,100566000
79.65499877929688,80.11250305175781,77.625,78.26249694824219,76.13788604736328,129554000
74.31500244140625,76.04499816894531,72.30750274658203,74.54499816894531,72.52127838134766,222195200
75.23750305175781,75.63249969482422,71.53250122070312,72.0199966430664,70.0648193359375,230673600
71.63249969482422,74.47000122070312,71.625,73.1624984741211,71.17633056640625,198054800
70.2750015258789,71.5,68.23999786376953,68.37999725341797,66.52365112304688,320605600
64.31500244140625,69.60250091552734,64.09249877929688,68.33999633789062,66.48472595214844,426510000
70.56999969482422,75.36000061035156,69.43000030517578,74.70249938964844,72.67452239990234,341397200
75.9175033569336,76.0,71.44999694824219,72.33000183105469,70.36642456054688,319475600
74.11000061035156,75.8499984741211,73.28250122070312,75.68499755859375,73.63034057617188,219178400
73.87999725341797,74.88749694824219,72.85250091552734,73.2300033569336,71.24200439453125,187572800
70.5,72.70500183105469,70.30750274658203,72.25749969482422,70.2958755493164,226176800
65.9375,69.52249908447266,65.75,66.5425033569336,64.73605346679688,286744800
69.28500366210938,71.61000061035156,67.34249877929688,71.33499908447266,69.39842224121094,285290000
69.34750366210938,70.30500030517578,67.96499633789062,68.85749816894531,66.98818969726562,255598800
63.98500061035156,67.5,62.0,62.057498931884766,60.3727912902832,418474000
66.22250366210938,69.9800033569336,63.23749923706055,69.49250030517578,67.60596466064453,370732000
60.48749923706055,64.7699966430664,60.0,60.5525016784668,58.90865707397461,322423600
61.87749862670898,64.40249633789062,59.59999847412109,63.21500015258789,61.49887466430664,324056000
59.942501068115234,62.5,59.27999877929688,61.66749954223633,59.99338150024414,300233600
61.84749984741211,63.209999084472656,60.65250015258789,61.19499969482422,59.5337028503418,271857200
61.79499816894531,62.95750045776367,57.0,57.310001373291016,55.75418472290039,401693200
57.02000045776367,57.125,53.15250015258789,56.09249877929688,54.56974029541016,336752800
59.09000015258789,61.92250061035156,58.57500076293945,61.720001220703125,60.04446792602539,287531200
62.6875,64.5625,61.07500076293945,61.380001068115234,59.71368789672852,303602000
61.630001068115234,64.66999816894531,61.59000015258789,64.61000061035156,62.85600280761719,252087200
63.1875,63.96749877929688,61.76250076293945,61.935001373291016,60.25363159179688,204216800
62.685001373291016,63.880001068115234,62.34999847412109,63.70249938964844,61.97313690185547,167976400
63.900001525878906,65.62249755859375,63.0,63.5724983215332,61.84666442871094,197002000
61.625,62.18000030517578,59.782501220703125,60.227500915527344,58.59247589111328,176218400
60.084999084472656,61.28749847412109,59.22499847412109,61.23249816894531,59.5701904296875,165934000
60.70000076293945,61.42499923706055,59.74250030517578,60.352500915527344,58.71408081054688,129880000
62.72499847412109,65.77749633789062,62.345001220703125,65.61750030517578,63.83614349365234,201820400
67.69999694824219,67.92500305175781,64.75,64.85749816894531,63.09678268432617,202887200
65.68499755859375,66.84249877929688,65.30750274658203,66.51750183105469,64.71170806884766,168895200
67.17500305175781,67.51750183105469,66.17500305175781,66.99749755859375,65.17868041992188,161834800
67.07749938964844,68.42500305175781,66.4574966430664,68.3125,66.45800018310547,131022800
70.0,72.0625,69.51249694824219,71.76249694824219,69.8143310546875,194994800
70.5999984741211,71.5824966430664,70.15750122070312,71.10749816894531,69.17709350585938,131154400
71.84500122070312,72.05000305175781,70.5875015258789,71.67250061035156,69.72677612304688,157125200
71.17250061035156,71.73750305175781,69.21499633789062,70.69999694824219,68.78065490722656,215250000
69.48750305175781,70.41999816894531,69.2125015258789,69.23249816894531,67.35301971435547,130015200
69.06999969482422,69.3125,66.35749816894531,67.09249877929688,65.27111053466797,180991600
68.40249633789062,69.4749984741211,68.05000305175781,69.0250015258789,67.1511459350586,116862400
68.96749877929688,70.4375,68.71749877929688,68.75749969482422,66.89090728759766,124814400
69.30000305175781,70.75250244140625,69.25,70.74250030517578,68.82203674316406,126161200
70.44999694824219,71.13500213623047,69.98750305175781,70.7925033569336,68.87068176269531,117087600
71.2699966430664,71.4574966430664,69.55000305175781,69.6449966430664,67.75432586669922,112004800
71.18250274658203,72.4175033569336,70.97250366210938,71.93250274658203,69.979736328125,137280800
72.48999786376953,73.63249969482422,72.0875015258789,73.44999694824219,71.45601654052734,183064000
71.5625,74.75,71.4625015258789,72.26750183105469,70.3056411743164,240616800
72.2925033569336,73.42250061035156,71.58000183105469,73.29000091552734,71.30035400390625,133568000
73.76499938964844,75.25,73.61499786376953,74.38999938964844,72.37051391601562,147751200
75.11499786376953,75.80999755859375,74.71749877929688,75.15750122070312,73.1171646118164,142333600
75.80500030517578,76.2925033569336,75.49250030517578,75.93499755859375,73.8735580444336,115215200
76.41000366210938,77.5875015258789,76.07250213623047,77.53250122070312,75.6318588256836,133838400
77.0250015258789,79.26249694824219,76.80999755859375,78.75250244140625,76.82195281982422,145946400
79.4574966430664,79.92250061035156,77.72750091552734,77.85250091552734,75.94403076171875,162301200
78.0374984741211,78.98750305175781,75.80249786376953,76.9124984741211,75.02705383300781,200622400
76.12750244140625,77.44750213623047,75.38249969482422,77.38500213623047,75.48799133300781,158929200
75.0875015258789,76.9749984741211,75.05249786376953,76.92749786376953,75.04171752929688,166348400
78.2925033569336,79.125,77.58000183105469,78.73999786376953,76.80976104736328,135178400
78.75749969482422,79.62999725341797,78.25250244140625,78.28500366210938,76.36592864990234,101729600
79.16999816894531,79.87999725341797,79.12999725341797,79.80750274658203,77.85111999511719,111504800
79.66500091552734,80.22250366210938,78.96749877929688,79.2125015258789,77.27069091796875,102688800
78.94249725341797,79.80750274658203,78.8375015258789,79.72250366210938,77.76819610595703,81803200
80.875,81.05999755859375,79.125,79.18250274658203,77.24142456054688,125522000
79.03500366210938,79.67749786376953,78.27249908447266,79.52749633789062,77.57794952392578,112945200
79.19249725341797,80.86000061035156,78.90750122070312,79.5625,77.61210632324219,133560800
79.8125,80.2874984741211,79.11750030517578,79.48500061035156,77.53649139404297,153532400
79.4375,80.5875015258789,79.30249786376953,80.4625015258789,78.49003601074219,80791200
80.1875,80.86000061035156,79.73249816894531,80.83499908447266,78.8534164428711,87642800
81.16500091552734,81.55000305175781,80.57499694824219,81.27999877929688,79.2874984741211,104491200
81.09750366210938,81.40499877929688,80.19499969482422,80.58000183105469,78.60465240478516,87560400
80.8375015258789,82.9375,80.80750274658203,82.875,80.8434066772461,137250400
82.5625,83.4000015258789,81.83000183105469,83.36499786376953,81.32140350341797,95654400
83.03500366210938,86.40249633789062,83.00250244140625,85.99749755859375,83.88936614990234,147712400
86.9749984741211,88.69249725341797,86.52249908447266,88.20999908447266,86.04763793945312,166651600
87.32749938964844,87.76499938964844,83.87000274658203,83.9749984741211,81.91643524169922,201662400
86.18000030517578,86.94999694824219,83.55500030517578,84.69999694824219,82.6236572265625,200146000
83.3125,86.41999816894531,83.1449966430664,85.74749755859375,83.64549255371094,138808800
87.86499786376953,88.30000305175781,86.18000030517578,88.0199966430664,85.86226654052734,165428800
88.7874984741211,88.8499984741211,87.77249908447266,87.89749908447266,85.74278259277344,114406400
87.85250091552734,88.36250305175781,87.30500030517578,87.93250274658203,85.77693176269531,96820400
88.66000366210938,89.13999938964844,86.2874984741211,87.43000030517578,85.2867660522461,264476000
87.83499908447266,89.86499786376953,87.7874984741211,89.71749877929688,87.51818084716797,135445200
91.0,93.09500122070312,90.56749725341795,91.63249969482422,89.38623809814453,212155600
91.25,92.19750213623048,89.62999725341797,90.01499938964844,87.80838012695312,192623200
90.1750030517578,91.25,89.39250183105469,91.20999908447266,88.97408294677734,137522400
91.10250091552734,91.33000183105467,88.25499725341797,88.40750122070312,86.24028778076172,205256800
88.3125,90.5425033569336,87.81999969482422,90.44499969482422,88.22782897949219,130646000
90.0199966430664,91.49500274658205,90.0,91.1999969482422,88.9643325805664,140223200
91.27999877929688,91.83999633789062,90.97750091552734,91.02749633789062,88.7960433959961,110737200
91.9625015258789,92.61750030517578,90.91000366210938,91.02749633789062,88.7960433959961,114041600
92.5,93.94499969482422,92.46749877929688,93.4625015258789,91.17137145996094,118655600
93.85250091552734,94.65499877929688,93.05750274658205,93.17250061035156,90.88846588134766,112424400
94.18000030517578,95.375,94.08999633789062,95.34249877929688,93.00527954101562,117092000
96.2624969482422,96.31749725341795,94.67250061035156,95.75250244140624,93.4052276611328,125642800
95.33499908447266,95.9800033569336,94.70500183105467,95.91999816894533,93.56863403320312,90257200
97.26499938964844,99.95500183105467,95.25749969482422,95.47750091552734,93.13695526123048,191649200
94.83999633789062,97.25499725341795,93.87750244140624,97.05750274658205,94.67823791503906,170989200
98.98999786376952,99.24749755859376,96.48999786376952,97.7249984741211,95.32936096191406,153198000
96.5625,97.40499877929688,95.90499877929688,96.52249908447266,94.15635681152344,110577600
96.9875030517578,97.14749908447266,95.83999633789062,96.32749938964844,93.96613311767578,92186800
96.4175033569336,98.5,96.0625,98.35749816894533,95.94637298583984,90318000
99.17250061035156,99.25,96.74250030517578,97.0,94.62213897705078,103433200
96.69249725341795,97.9749984741211,96.60250091552734,97.27249908447266,94.88795471191406,89001600
96.99749755859376,97.07749938964844,92.01000213623048,92.84500122070312,90.56901550292967,197004400
90.9875030517578,92.97000122070312,89.1449966430664,92.61499786376952,90.3446273803711,185438800
93.70999908447266,94.90499877929688,93.4800033569336,94.80999755859376,92.48583221435548,121214000
94.36750030517578,94.5500030517578,93.24749755859376,93.25250244140624,90.96651458740234,103625600
93.75,95.2300033569336,93.7125015258789,95.04000091552734,92.7101821899414,90329200
94.1875,96.29750061035156,93.76750183105467,96.19000244140624,93.83200073242188,158130000
102.88500213623048,106.41500091552734,100.8249969482422,106.26000213623048,103.65513610839844,374336800
108.1999969482422,111.6374969482422,107.89250183105467,108.9375,106.26701354980467,308151200
109.13249969482422,110.79000091552734,108.3874969482422,109.66500091552734,106.9766845703125,173071600
109.37750244140624,110.39250183105467,108.89749908447266,110.0625,107.36442565917967,121776800
110.40499877929688,114.4124984741211,109.79750061035156,113.90249633789062,111.11029052734376,202428800
113.20500183105467,113.6750030517578,110.2925033569336,111.1125030517578,108.58412170410156,198045600
112.5999984741211,113.7750015258789,110.0,112.72750091552734,110.1623764038086,212403600
111.97000122070312,112.48249816894533,109.10749816894533,109.375,106.88615417480467,187902400
110.49749755859376,113.2750015258789,110.29750061035156,113.01000213623048,110.43844604492188,165598000
114.43000030517578,116.0425033569336,113.92749786376952,115.01000213623048,112.39293670654295,210082000
114.83000183105467,115.0,113.04499816894533,114.90750122070312,112.29276275634766,165565200
116.0625,116.0875015258789,113.9625015258789,114.60749816894533,111.99957275390624,119561600
114.35250091552734,116.0,114.00749969482422,115.5625,112.93285369873048,105633600
115.98249816894533,117.1624984741211,115.61000061035156,115.7074966430664,113.07455444335938,145538000
115.75,118.39250183105467,115.73249816894533,118.2750015258789,115.5836410522461,126907200
119.2624969482422,124.86750030517578,119.25,124.37000274658205,121.5399398803711,338054800
128.69749450683594,128.78500366210938,123.9375,125.85749816894533,122.99358367919922,345937600
124.69750213623048,125.18000030517578,123.05249786376952,124.8249969482422,121.98458862304688,211495600
126.18000030517578,126.99250030517578,125.0824966430664,126.52249908447266,123.64346313476562,163022400
127.14250183105467,127.48500061035156,123.8324966430664,125.01000213623048,122.1653823852539,155552400
126.0124969482422,126.44249725341795,124.57749938964844,124.80750274658205,121.96749877929688,187630000
127.58000183105467,131.0,126.0,129.0399932861328,126.10366821289062,225702700
132.75999450683594,134.8000030517578,130.52999877929688,134.17999267578125,131.12669372558594,151948100
137.58999633789062,137.97999572753906,127.0,131.39999389648438,128.40994262695312,200119000
126.91000366210938,128.83999633789062,120.5,120.87999725341795,118.12935638427734,257599600
120.06999969482422,123.6999969482422,110.88999938964844,120.95999908447266,118.20752716064452,332607200
113.9499969482422,118.98999786376952,112.68000030517578,112.81999969482422,110.25276947021484,231366600
117.26000213623048,119.13999938964844,115.26000213623048,117.31999969482422,114.6503677368164,176940500
120.36000061035156,120.5,112.5,113.48999786376952,110.90753173828124,182274400
114.56999969482422,115.2300033569336,110.0,112.0,109.451416015625,180860300
114.72000122070312,115.93000030517578,112.8000030517578,115.36000061035156,112.73495483398438,140150100
118.33000183105467,118.83000183105467,113.61000061035156,115.54000091552734,112.91085815429688,184642000
115.2300033569336,116.0,112.04000091552734,112.12999725341795,109.5784683227539,154679000
109.72000122070312,112.1999969482422,108.70999908447266,110.33999633789062,107.82918548583984,178011000
110.4000015258789,110.87999725341795,106.08999633789062,106.83999633789062,104.4088363647461,287104900
104.54000091552734,110.19000244140624,103.0999984741211,110.08000183105467,107.57511901855467,195713800
112.68000030517578,112.86000061035156,109.16000366210938,111.80999755859376,109.26573944091795,183055400
111.62000274658205,112.11000061035156,106.7699966430664,107.12000274658205,104.68247985839844,150718700
105.16999816894533,110.25,105.0,108.22000122070312,105.75743103027344,167743300
108.43000030517578,112.44000244140624,107.66999816894533,112.27999877929688,109.72504425048828,149981400
115.01000213623048,115.31999969482422,112.77999877929688,114.95999908447266,112.34407806396484,137672400
114.5500030517578,115.30999755859376,113.56999969482422,114.08999633789062,111.49385833740234,99382200
113.79000091552734,117.26000213623048,113.62000274658205,115.80999755859376,113.17471313476562,142675200
117.63999938964844,117.72000122070312,115.83000183105467,116.79000091552734,114.13241577148438,116120400
112.88999938964844,115.37000274658205,112.22000122070312,113.0199966430664,110.44821166992188,144712000
113.91000366210938,116.6500015258789,113.5500030517578,116.5,113.84901428222656,106243800
115.6999969482422,116.12000274658205,112.25,113.16000366210938,110.58504486083984,161498200
114.62000274658205,115.5500030517578,114.12999725341795,115.08000183105467,112.46133422851562,96849000
116.25,116.4000015258789,114.58999633789062,114.97000122070312,112.35383605957033,83477200
115.27999877929688,117.0,114.91999816894533,116.97000122070312,114.3083267211914,100506900
120.05999755859376,125.18000030517578,119.27999877929688,124.4000015258789,121.56926727294922,240226800
125.2699966430664,125.38999938964844,119.6500015258789,121.0999984741211,118.34434509277344,262330500
121.0,123.02999877929688,119.62000274658205,121.19000244140624,118.43231201171876,150712000
118.72000122070312,121.1999969482422,118.1500015258789,120.70999908447266,117.96321868896484,112559200
121.27999877929688,121.5500030517578,118.80999755859376,119.0199966430664,116.31169891357422,115393800
119.95999908447266,120.41999816894533,115.66000366210938,115.9800033569336,113.34088134765624,120639300
116.1999969482422,118.9800033569336,115.62999725341795,117.51000213623048,114.8360366821289,124423700
116.66999816894533,118.70999908447266,116.4499969482422,116.87000274658205,114.21060180664062,89946000
117.4499969482422,118.04000091552734,114.58999633789062,115.75,113.11608123779295,101988000
116.38999938964844,116.5500030517578,114.27999877929688,115.04000091552734,112.42225646972656,82572600
114.01000213623048,116.5500030517578,112.87999725341795,115.0500030517578,112.4320297241211,111850700
115.48999786376952,117.27999877929688,114.54000091552734,116.5999984741211,113.94676971435548,92276800
115.0500030517578,115.43000030517578,111.0999984741211,111.1999969482422,108.6696319580078,143937800
112.37000274658205,116.93000030517578,112.1999969482422,115.31999969482422,112.69586181640624,146129200
111.05999755859376,111.98999786376952,107.72000122070312,108.86000061035156,106.38287353515624,190272600
109.11000061035156,110.68000030517578,107.31999969482422,108.7699966430664,106.29490661621094,122866900
109.66000366210938,111.48999786376952,108.7300033569336,110.44000244140624,107.92693328857422,107624400
114.13999938964844,115.58999633789062,112.3499984741211,114.9499969482422,112.33428955078124,138235500
117.9499969482422,119.62000274658205,116.87000274658205,119.02999877929688,116.32145690917967,126387100
118.31999969482422,119.1999969482422,116.12999725341795,118.69000244140624,116.18931579589844,114457900
120.5,121.98999786376952,116.0500030517578,116.31999969482422,113.86921691894533,154515300
115.5500030517578,117.58999633789062,114.12999725341795,115.97000122070312,113.52660369873048,138023400
117.19000244140624,119.62999725341795,116.44000244140624,119.48999786376952,116.97245025634766,112295000
119.62000274658205,120.52999877929688,118.56999969482422,119.20999908447266,116.69835662841795,103162300
119.44000244140624,119.66999816894533,117.87000274658205,119.26000213623048,116.74728393554688,81581900
118.91999816894533,120.98999786376952,118.1500015258789,120.3000030517578,117.76538848876952,91183000
119.5500030517578,120.66999816894533,118.95999908447266,119.38999938964844,116.87454986572266,74271000
118.61000061035156,119.81999969482422,118.0,118.02999877929688,115.54319763183594,76322100
117.58999633789062,119.05999755859376,116.80999755859376,118.63999938964844,116.1403579711914,74113000
118.63999938964844,118.7699966430664,117.29000091552734,117.33999633789062,114.86773681640624,73604300
117.18000030517578,117.62000274658205,113.75,113.8499984741211,111.45128631591795,127959300
113.91000366210938,115.8499984741211,112.58999633789062,115.16999816894533,112.74346923828124,113874200
115.5500030517578,116.75,115.16999816894533,116.02999877929688,113.58534240722656,76499200
116.56999969482422,117.48999786376952,116.22000122070312,116.58999633789062,114.133544921875,46691300
116.97000122070312,120.97000122070312,116.80999755859376,119.0500030517578,116.54173278808594,169410200
121.01000213623048,123.47000122070312,120.01000213623048,122.72000122070312,120.1343994140625,127728200
122.0199966430664,123.37000274658205,120.88999938964844,123.08000183105467,120.48680877685548,89004200
123.5199966430664,123.77999877929688,122.20999908447266,122.94000244140624,120.3497543334961,78967600
122.5999984741211,122.86000061035156,121.5199966430664,122.25,119.67428588867188,78260400
122.30999755859376,124.56999969482422,122.25,123.75,121.14268493652344,86712000
124.37000274658205,124.9800033569336,123.08999633789062,124.37999725341795,121.75941467285156,82225500
124.52999877929688,125.9499969482422,121.0,121.77999877929688,119.21418762207033,115089200
120.5,123.87000274658205,120.1500015258789,123.23999786376952,120.64344024658205,81312200
122.43000030517578,122.76000213623048,120.5500030517578,122.41000366210938,119.83092498779295,86939800
122.5999984741211,123.3499984741211,121.54000091552734,121.77999877929688,119.21418762207033,79184500
124.33999633789062,127.9000015258789,124.12999725341795,127.87999725341795,125.1856689453125,157243700
127.41000366210938,128.3699951171875,126.55999755859376,127.80999755859376,125.11714935302734,98208600
128.89999389648438,129.5800018310547,128.0399932861328,128.6999969482422,125.98838806152344,94359800
128.9600067138672,129.10000610351562,126.12000274658205,126.66000366210938,123.99138641357422,192541500
125.0199966430664,128.30999755859375,123.4499969482422,128.22999572753906,125.52830505371094,121251600
131.61000061035156,134.41000366210938,129.64999389648438,131.8800048828125,129.1013946533203,168904800
132.16000366210938,132.42999267578125,130.77999877929688,130.9600067138672,128.20079040527344,88223700
131.32000732421875,133.4600067138672,131.10000610351562,131.97000122070312,129.1894989013672,54930100
133.99000549316406,137.33999633789062,133.50999450683594,136.69000244140625,133.81002807617188,124486200
138.0500030517578,138.7899932861328,134.33999633789062,134.8699951171875,132.02841186523438,121047300
135.5800018310547,135.99000549316406,133.39999389648438,133.72000122070312,130.90264892578125,96452100
134.0800018310547,134.74000549316406,131.72000122070312,132.69000244140625,129.89434814453125,99116600
133.52000427246094,133.61000061035156,126.76000213623048,129.41000366210938,126.68341827392578,143301900
128.88999938964844,131.74000549316406,128.42999267578125,131.00999450683594,128.24972534179688,97664900
127.72000122070312,131.0500030517578,126.37999725341795,126.5999984741211,123.93262481689452,155088000
128.36000061035156,131.6300048828125,127.86000061035156,130.9199981689453,128.16162109375,109578200
132.42999267578125,132.6300048828125,130.22999572753906,132.0500030517578,129.26779174804688,105158200
129.19000244140625,130.1699981689453,128.5,128.97999572753906,126.26248168945312,100384500
128.5,129.69000244140625,126.86000061035156,128.8000030517578,126.0863037109375,91951100
128.75999450683594,131.4499969482422,128.49000549316406,130.88999938964844,128.13223266601562,88636800
130.8000030517578,131.0,128.75999450683594,128.91000366210938,126.19397735595705,90221800
128.77999877929688,130.22000122070312,127.0,127.13999938964844,124.46127319335938,111598500
127.77999877929688,128.7100067138672,126.94000244140624,127.83000183105467,125.13671112060548,90757300
128.66000366210938,132.49000549316406,128.5500030517578,132.02999877929688,129.24822998046875,104319500
133.8000030517578,139.6699981689453,133.58999633789062,136.8699951171875,133.9862518310547,120150900
136.27999877929688,139.85000610351562,135.02000427246094,139.07000732421875,136.13992309570312,114459400
143.07000732421875,145.08999633789062,136.5399932861328,142.9199981689453,139.9088134765625,157611700
143.60000610351562,144.3000030517578,141.3699951171875,143.16000366210938,140.14373779296875,98390600
143.42999267578125,144.3000030517578,140.41000366210938,142.05999755859375,139.0669403076172,140843800
139.52000427246094,141.99000549316406,136.6999969482422,137.08999633789062,134.20162963867188,142621100
135.8300018310547,136.74000549316406,130.2100067138672,131.9600067138672,129.1797332763672,177523800
133.75,135.3800048828125,130.92999267578125,134.13999938964844,131.3137969970703,106239800
135.72999572753906,136.30999755859375,134.61000061035156,134.99000549316406,132.1458740234375,83305400
135.75999450683594,135.77000427246094,133.61000061035156,133.94000244140625,131.11798095703125,89880900
136.3000030517578,137.39999389648438,134.58999633789062,137.38999938964844,134.4952850341797,84183100
137.35000610351562,137.4199981689453,135.86000061035156,136.75999450683594,134.07862854003906,75693800
136.02999877929688,136.9600067138672,134.9199981689453,136.91000366210938,134.22572326660156,71297200
136.6199951171875,137.8800048828125,135.85000610351562,136.00999450683594,133.34335327148438,76774200
136.47999572753906,136.99000549316406,134.39999389648438,135.38999938964844,132.7354736328125,73046600
135.89999389648438,136.38999938964844,133.77000427246094,135.1300048828125,132.48060607910156,64280000
134.35000610351562,135.52999877929688,133.69000244140625,135.3699951171875,132.71588134765625,60145100
135.49000549316406,136.00999450683594,132.7899932861328,133.19000244140625,130.57862854003906,80576300
131.25,132.22000122070312,129.47000122070312,130.83999633789062,128.27468872070312,97918500
129.1999969482422,130.0,127.41000366210938,129.7100067138672,127.16687774658205,96856700
130.24000549316406,130.7100067138672,128.8000030517578,129.8699951171875,127.32372283935548,87668800
128.00999450683594,129.72000122070312,125.5999984741211,126.0,123.52960205078124,103916400
123.76000213623048,126.70999908447266,118.38999938964844,125.86000061035156,123.3923568725586,158273000
124.94000244140624,125.55999755859376,122.2300033569336,125.3499984741211,122.89234161376952,111039900
124.68000030517578,126.45999908447266,120.54000091552734,120.98999786376952,118.61783599853516,148199500
122.58999633789062,124.8499984741211,121.1999969482422,121.26000213623048,118.88253784179688,164560400
123.75,127.93000030517578,122.79000091552734,127.79000091552734,125.28450775146484,116307900
128.41000366210938,128.72000122070312,125.01000213623048,125.12000274658205,122.66686248779295,102260900
124.80999755859376,125.70999908447266,121.83999633789062,122.05999755859376,119.6668472290039,112966300
121.75,123.5999984741211,118.62000274658205,120.12999725341795,117.77467346191406,178155000
120.9800033569336,121.94000244140624,117.56999969482422,121.41999816894533,119.03939819335938,153766600
120.93000030517578,121.0,116.20999908447266,116.36000061035156,114.07860565185548,154376600
119.02999877929688,122.05999755859376,118.79000091552734,121.08999633789062,118.7158660888672,129525800
121.69000244140624,122.16999816894533,119.4499969482422,119.9800033569336,117.62764739990234,111943300
122.54000091552734,123.20999908447266,121.26000213623048,121.95999908447266,119.5688018798828,103026500
120.4000015258789,121.16999816894533,119.16000366210938,121.02999877929688,118.65704345703124,88105100
121.41000366210938,124.0,120.41999816894533,123.98999786376952,121.55899810791016,92403800
125.6999969482422,127.22000122070312,124.72000122070312,125.56999969482422,123.10802459716795,115227900
124.0500030517578,125.86000061035156,122.33999633789062,124.76000213623048,122.3139190673828,111932600
122.87999725341795,123.18000030517578,120.31999969482422,120.52999877929688,118.16683959960938,121229700
119.9000015258789,121.43000030517578,119.68000030517578,119.98999786376952,117.63744354248048,185549500
120.33000183105467,123.87000274658205,120.26000213623048,123.38999938964844,120.97077941894533,111912300
123.33000183105467,124.23999786376952,122.13999938964844,122.54000091552734,120.13743591308594,95467100
122.81999969482422,122.9000015258789,120.06999969482422,120.08999633789062,117.73546600341795,88530500
119.54000091552734,121.66000366210938,119.0,120.58999633789062,118.22566986083984,98844700
120.3499984741211,121.4800033569336,118.91999816894533,121.20999908447266,118.83351135253906,94071200
121.6500015258789,122.58000183105467,120.7300033569336,121.38999938964844,119.01000213623048,80819200
120.11000061035156,120.4000015258789,118.86000061035156,119.9000015258789,117.54920196533205,85671900
121.6500015258789,123.5199966430664,121.1500015258789,122.1500015258789,119.75508880615234,118323800
123.66000366210938,124.18000030517578,122.48999786376952,123.0,120.5884246826172,75089100
123.87000274658205,126.16000366210938,123.06999969482422,125.9000015258789,123.43155670166016,88651200
126.5,127.12999725341795,125.6500015258789,126.20999908447266,123.7354736328125,80171300
125.83000183105467,127.91999816894533,125.13999938964844,127.9000015258789,125.39234161376952,83466700
128.9499969482422,130.38999938964844,128.52000427246094,130.36000061035156,127.80411529541016,88844600
129.8000030517578,133.0399932861328,129.47000122070312,133.0,130.39234924316406,106686700
132.52000427246094,132.85000610351562,130.6300048828125,131.24000549316406,128.66688537597656,91420000
132.44000244140625,134.66000366210938,131.92999267578125,134.42999267578125,131.79429626464844,91266500
134.94000244140625,135.0,131.66000366210938,132.02999877929688,129.4413604736328,87222800
133.82000732421875,135.0,133.63999938964844,134.5,131.86294555664062,89347100
134.3000030517578,134.6699981689453,133.27999877929688,134.16000366210938,131.52963256835938,84922400
133.50999450683594,135.47000122070312,133.33999633789062,134.83999633789062,132.19627380371094,94264200
135.02000427246094,135.52999877929688,131.80999755859375,133.11000061035156,130.50021362304688,94812300
132.36000061035156,133.75,131.3000030517578,133.5,130.88258361816406,68847100
133.0399932861328,134.14999389648438,131.41000366210938,131.94000244140625,129.3531036376953,84566500
132.16000366210938,135.1199951171875,132.16000366210938,134.32000732421875,131.68650817871094,78657500
134.8300018310547,135.05999755859375,133.55999755859375,134.72000122070312,132.07864379882812,66905100
135.00999450683594,135.41000366210938,134.11000061035156,134.38999938964844,131.75511169433594,66015800
134.30999755859375,135.02000427246094,133.0800018310547,133.5800018310547,130.96096801757812,107760100
136.47000122070312,137.07000732421875,132.4499969482422,133.47999572753906,130.8629608154297,151101000
131.77999877929688,133.55999755859375,131.07000732421875,131.4600067138672,128.88258361816406,109839500
132.0399932861328,134.07000732421875,131.8300018310547,132.5399932861328,129.94134521484375,75135100
131.19000244140625,131.49000549316406,126.6999969482422,127.8499984741211,125.34334564208984,137564700
129.1999969482422,130.4499969482422,127.97000122070312,128.10000610351562,125.5884246826172,84000900
127.88999938964844,129.75,127.12999725341795,129.74000549316406,127.19629669189452,78128300
130.85000610351562,131.25999450683594,129.47999572753906,130.2100067138672,127.87390899658205,78973300
129.41000366210938,129.5399932861328,126.80999755859376,126.8499984741211,124.5741958618164,88071200
123.5,126.2699966430664,122.7699966430664,125.91000366210938,123.65104675292967,126142800
123.4000015258789,124.63999938964844,122.25,122.7699966430664,120.56737518310548,112172300
124.58000183105467,126.1500015258789,124.26000213623048,124.97000122070312,122.72791290283205,105861300
126.25,127.88999938964844,125.8499984741211,127.4499969482422,125.16341400146484,81918000
126.81999969482422,126.93000030517578,125.16999816894533,126.2699966430664,124.00457000732422,74244600
126.55999755859376,126.98999786376952,124.77999877929688,124.8499984741211,122.6100616455078,63342900
123.16000366210938,124.91999816894533,122.86000061035156,124.69000244140624,122.4529266357422,92612000
125.2300033569336,127.72000122070312,125.0999984741211,127.30999755859376,125.02593231201172,76857100
127.81999969482422,128.0,125.20999908447266,125.43000030517578,123.17965698242188,79295400
126.01000213623048,127.94000244140624,125.94000244140624,127.0999984741211,124.81969451904295,63092900
127.81999969482422,128.32000732421875,126.31999969482422,126.9000015258789,124.62328338623048,72009500
126.95999908447266,127.38999938964844,126.41999816894533,126.8499984741211,124.5741958618164,56575900
126.44000244140624,127.63999938964844,125.08000183105467,125.27999877929688,123.0323486328125,94625600
125.56999969482422,125.8000030517578,124.5500030517578,124.61000061035156,122.37438201904295,71311100
125.08000183105467,125.3499984741211,123.94000244140624,124.27999877929688,122.05029296875,67637100
124.27999877929688,125.23999786376952,124.0500030517578,125.05999755859376,122.81629943847656,59278900
124.68000030517578,124.8499984741211,123.12999725341795,123.54000091552734,121.32356262207033,76229200
124.06999969482422,126.16000366210938,123.8499984741211,125.88999938964844,123.63140869140624,75169300
126.16999816894533,126.31999969482422,124.83000183105467,125.9000015258789,123.64122772216795,71057600
126.5999984741211,128.4600067138672,126.20999908447266,126.73999786376952,124.46614837646484,74403800
127.20999908447266,127.75,126.5199966430664,127.12999725341795,124.84913635253906,56877900
127.0199966430664,128.19000244140625,125.94000244140624,126.11000061035156,123.8474578857422,71186400
126.52999877929688,127.44000244140624,126.0999984741211,127.3499984741211,125.06519317626952,53522400
127.81999969482422,130.5399932861328,127.06999969482422,130.47999572753906,128.13905334472656,96906500
129.94000244140625,130.60000610351562,129.38999938964844,129.63999938964844,127.3141098022461,62746300
130.3699951171875,130.88999938964844,128.4600067138672,130.14999389648438,127.81494903564452,91815000
129.8000030517578,132.5500030517578,129.64999389648438,131.7899932861328,129.425537109375,96721700
130.7100067138672,131.50999450683594,130.24000549316406,130.4600067138672,128.1194305419922,108953300
130.3000030517578,132.41000366210938,129.2100067138672,132.3000030517578,129.92637634277344,79663300
132.1300048828125,134.0800018310547,131.6199951171875,133.97999572753906,131.57626342773438,74783600
133.77000427246094,134.32000732421875,133.22999572753906,133.6999969482422,131.30128479003906,60214200
134.4499969482422,134.63999938964844,132.92999267578125,133.41000366210938,131.0164794921875,68711000
133.4600067138672,133.88999938964844,132.80999755859375,133.11000061035156,130.72186279296875,70783700
133.41000366210938,135.25,133.35000610351562,134.77999877929688,132.3618927001953,62111300
134.8000030517578,136.49000549316406,134.35000610351562,136.3300018310547,133.88409423828125,64556100
136.1699981689453,137.41000366210938,135.8699951171875,136.9600067138672,134.5027618408203,63261400
136.60000610351562,137.3300018310547,135.75999450683594,137.27000427246094,134.80723571777344,52485800
137.89999389648438,140.0,137.75,139.9600067138672,137.448974609375,78852600
140.07000732421875,143.14999389648438,140.07000732421875,142.02000427246094,139.4720458984375,108181800
143.5399932861328,144.88999938964844,142.66000366210938,144.57000732421875,141.9762725830078,104911600
141.5800018310547,144.05999755859375,140.6699981689453,143.24000549316406,140.6701202392578,105575500
142.75,145.64999389648438,142.64999389648438,145.11000061035156,142.50657653808594,99890800
146.2100067138672,146.32000732421875,144.0,144.5,141.9075164794922,76299700
144.02999877929688,147.4600067138672,143.6300048828125,145.63999938964844,143.02703857421875,100827100
148.10000610351562,149.57000732421875,147.67999267578125,149.14999389648438,146.4740447998047,127050800
149.24000549316406,150.0,147.08999633789062,148.47999572753906,145.8161163330078,106820300
148.4600067138672,149.75999450683594,145.8800048828125,146.38999938964844,143.76361083984375,93251400
143.75,144.07000732421875,141.6699981689453,142.4499969482422,139.894287109375,121434600
143.4600067138672,147.10000610351562,142.9600067138672,146.14999389648438,143.5279083251953,96350000
145.52999877929688,146.1300048828125,144.6300048828125,145.39999389648438,142.79136657714844,74993500
145.94000244140625,148.1999969482422,145.80999755859375,146.8000030517578,144.166259765625,77338200
147.5500030517578,148.72000122070312,146.9199981689453,148.55999755859375,145.89468383789062,71447400
148.27000427246094,149.8300018310547,147.6999969482422,148.99000549316406,146.3169708251953,72434100
149.1199951171875,149.2100067138672,145.5500030517578,146.77000427246094,144.13677978515625,104818600
144.80999755859375,146.97000122070312,142.5399932861328,144.97999572753906,142.37890625,118931200
144.69000244140625,146.5500030517578,144.5800018310547,145.63999938964844,143.02703857421875,56699500
144.3800048828125,146.3300018310547,144.11000061035156,145.86000061035156,143.24307250976562,70440600
146.36000061035156,146.9499969482422,145.25,145.52000427246094,142.9092254638672,62880000
145.80999755859375,148.0399932861328,145.17999267578125,147.36000061035156,144.71621704101562,64786600
147.27000427246094,147.7899932861328,146.27999877929688,146.9499969482422,144.31358337402344,56368300
146.97999572753906,147.83999633789062,146.1699981689453,147.05999755859375,144.42160034179688,46397700
146.35000610351562,147.11000061035156,145.6300048828125,146.13999938964844,143.7331085205078,54126800
146.1999969482422,146.6999969482422,145.52000427246094,146.08999633789062,143.68392944335938,48908700
146.44000244140625,147.7100067138672,145.3000030517578,145.60000610351562,143.20199584960938,69023100
146.0500030517578,146.72000122070312,145.52999877929688,145.86000061035156,143.4577178955078,48493500
146.19000244140625,149.0500030517578,145.83999633789062,148.88999938964844,146.43783569335938,72282600
148.97000122070312,149.44000244140625,148.27000427246094,149.10000610351562,146.64439392089844,59375000
148.5399932861328,151.19000244140625,146.47000122070312,151.1199951171875,148.631103515625,103296000
150.22999572753906,151.67999267578125,149.08999633789062,150.19000244140625,147.71641540527344,92229700
149.8000030517578,150.72000122070312,146.14999389648438,146.36000061035156,143.9495086669922,86326000
145.02999877929688,148.0,144.5,146.6999969482422,144.28387451171875,86960300
147.44000244140625,148.5,146.77999877929688,148.19000244140625,145.7493133544922,60549600
148.30999755859375,150.19000244140625,147.88999938964844,149.7100067138672,147.2443389892578,60131800
149.4499969482422,150.86000061035156,149.14999389648438,149.6199951171875,147.1558074951172,48606400
149.80999755859375,150.32000732421875,147.8000030517578,148.36000061035156,145.91653442382812,58991300
148.35000610351562,149.1199951171875,147.50999450683594,147.5399932861328,145.11004638671875,48597200
147.47999572753906,148.75,146.8300018310547,148.60000610351562,146.15260314941406,55802400
149.0,153.49000549316406,148.61000061035156,153.1199951171875,150.59814453125,90956700
152.66000366210938,152.8000030517578,151.2899932861328,151.8300018310547,149.3293914794922,86453100
152.8300018310547,154.97999572753906,152.33999633789062,152.50999450683594,149.99819946289062,80313700
153.8699951171875,154.72000122070312,152.39999389648438,153.64999389648438,151.1194305419922,71115500
153.75999450683594,154.6300048828125,153.08999633789062,154.3000030517578,151.75877380371094,57808700
154.97000122070312,157.25999450683594,154.38999938964844,156.69000244140625,154.109375,82278300
156.97999572753906,157.0399932861328,153.97999572753906,155.11000061035156,152.5553436279297,74420200
155.49000549316406,156.11000061035156,153.9499969482422,154.07000732421875,151.5325164794922,57305700
155.0,155.47999572753906,148.6999969482422,148.97000122070312,146.51651000976562,140893200
150.6300048828125,151.4199981689453,148.75,149.5500030517578,147.08697509765625,102404300
150.35000610351562,151.07000732421875,146.91000366210938,148.1199951171875,145.68048095703125,109296300
148.55999755859375,149.44000244140625,146.3699951171875,149.02999877929688,146.57550048828125,83281300
148.44000244140625,148.97000122070312,147.22000122070312,148.7899932861328,146.33946228027344,68034100
148.82000732421875,148.82000732421875,145.75999450683594,146.05999755859375,143.65443420410156,129868800
143.8000030517578,144.83999633789062,141.27000427246094,142.94000244140625,140.58584594726562,123478900
143.92999267578125,144.60000610351562,142.77999877929688,143.42999267578125,141.0677490234375,75834000
144.4499969482422,146.42999267578125,143.6999969482422,145.85000610351562,143.44790649414062,76404300
146.64999389648438,147.0800018310547,145.63999938964844,146.8300018310547,144.41177368164062,64838200
145.66000366210938,147.47000122070312,145.55999755859375,146.9199981689453,144.50027465820312,53477900
145.47000122070312,145.9600067138672,143.82000732421875,145.3699951171875,142.97579956054688,74150700
143.25,144.75,141.69000244140625,141.91000366210938,139.57278442382812,108972300
142.47000122070312,144.4499969482422,142.02999877929688,142.8300018310547,140.4776153564453,74602000
143.66000366210938,144.3800048828125,141.27999877929688,141.5,139.16954040527344,89056700
141.89999389648438,142.9199981689453,139.11000061035156,142.64999389648438,140.3006134033203,94639600
141.75999450683594,142.2100067138672,138.27000427246094,139.13999938964844,136.848388671875,98322000
139.49000549316406,142.24000549316406,139.36000061035156,141.11000061035156,138.78594970703125,80861100
139.47000122070312,142.14999389648438,138.3699951171875,142.0,139.6613311767578,83221100
143.05999755859375,144.22000122070312,142.72000122070312,143.2899932861328,140.93006896972656,61732700
144.02999877929688,144.17999267578125,142.55999755859375,142.89999389648438,140.54644775390625,58773200
142.27000427246094,144.80999755859375,141.80999755859375,142.80999755859375,140.4579620361328,64452200
143.22999572753906,143.25,141.0399932861328,141.50999450683594,139.17938232421875,73035900
141.24000549316406,141.39999389648438,139.1999969482422,140.91000366210938,138.58924865722656,78762700
142.11000061035156,143.8800048828125,141.50999450683594,143.75999450683594,141.39231872558594,69907100
143.77000427246094,144.89999389648438,143.50999450683594,144.83999633789062,142.45452880859375,67940300
143.4499969482422,146.83999633789062,143.16000366210938,146.5500030517578,144.13633728027344,85589200
147.00999450683594,149.1699981689453,146.5500030517578,148.75999450683594,146.30996704101562,76378900
148.6999969482422,149.75,148.1199951171875,149.25999450683594,146.8017120361328,58418800
148.80999755859375,149.63999938964844,147.8699951171875,149.47999572753906,147.01806640625,61421000
149.69000244140625,150.17999267578125,148.63999938964844,148.69000244140625,146.2411651611328,58883400
148.67999267578125,149.3699951171875,147.6199951171875,148.63999938964844,146.1919403076172,50720600
149.3300018310547,150.83999633789062,149.00999450683594,149.32000732421875,146.86074829101562,60893400
149.36000061035156,149.72999572753906,148.49000549316406,148.85000610351562,146.39846801757812,56094900
149.82000732421875,153.1699981689453,149.72000122070312,152.57000732421875,150.05722045898438,100077900
147.22000122070312,149.94000244140625,146.41000366210938,149.8000030517578,147.33282470703125,124953200
148.99000549316406,149.6999969482422,147.8000030517578,148.9600067138672,146.50665283203125,74588300
148.66000366210938,151.57000732421875,148.64999389648438,150.02000427246094,147.54920959472656,69122000
150.38999938964844,151.97000122070312,149.82000732421875,151.49000549316406,148.9950408935547,54511500
151.5800018310547,152.42999267578125,150.63999938964844,150.9600067138672,148.47373962402344,60394600
151.88999938964844,152.1999969482422,150.05999755859375,151.27999877929688,149.00564575195312,65463900
151.41000366210938,151.57000732421875,150.16000366210938,150.44000244140625,148.1782684326172,55020900
150.1999969482422,151.42999267578125,150.05999755859375,150.80999755859375,148.5426788330078,56787900
150.02000427246094,150.1300048828125,147.85000610351562,147.9199981689453,145.6961212158203,65187100
148.9600067138672,149.42999267578125,147.67999267578125,147.8699951171875,145.64686584472656,41000000
148.42999267578125,150.39999389648438,147.47999572753906,149.99000549316406,147.73501586914062,63804000
150.3699951171875,151.8800048828125,149.42999267578125,150.0,147.74485778808594,59222800
149.94000244140625,151.49000549316406,149.33999633789062,151.0,148.7298126220703,59256200
151.0,155.0,150.99000549316406,153.49000549316406,151.1824188232422,88807000
153.7100067138672,158.6699981689453,153.0500030517578,157.8699951171875,155.4965362548828,137827700
157.64999389648438,161.02000427246094,156.52999877929688,160.5500030517578,158.1362762451172,117305600
161.67999267578125,165.6999969482422,161.0,161.02000427246094,158.5991973876953,117467900
161.1199951171875,161.8000030517578,159.05999755859375,161.41000366210938,158.98330688476562,96041900
160.75,162.13999938964844,159.63999938964844,161.94000244140625,159.50537109375,69463600
159.57000732421875,160.4499969482422,156.36000061035156,156.80999755859375,154.45248413085938,76959800
159.3699951171875,161.19000244140625,158.7899932861328,160.24000549316406,157.83090209960938,88748200
159.99000549316406,165.52000427246094,159.9199981689453,165.3000030517578,162.81483459472656,174048100
167.47999572753906,170.3000030517578,164.52999877929688,164.77000427246094,162.2928009033203,152052500
158.74000549316406,164.1999969482422,157.8000030517578,163.75999450683594,161.2979736328125,136739200
164.02000427246094,164.9600067138672,159.72000122070312,161.83999633789062,159.40682983398438,118023100
164.2899932861328,167.8800048828125,164.27999877929688,165.32000732421875,162.83453369140625,107497000
169.0800018310547,171.5800018310547,168.33999633789062,171.17999267578125,168.60641479492188,120405400
172.1300048828125,175.9600067138672,170.6999969482422,175.0800018310547,172.4477996826172,116998900
174.91000366210938,176.75,173.9199981689453,174.55999755859375,171.93560791015625,108923700
175.2100067138672,179.6300048828125,174.69000244140625,179.4499969482422,176.75210571289062,115402700
181.1199951171875,182.1300048828125,175.52999877929688,175.74000549316406,173.09788513183594,153237000
175.25,177.74000549316406,172.2100067138672,174.3300018310547,171.70909118652344,139380400
175.11000061035156,179.5,172.30999755859375,179.3000030517578,176.60435485839844,131063300
179.27999877929688,181.13999938964844,170.75,172.25999450683594,169.67019653320312,150185800
169.92999267578125,173.47000122070312,169.69000244140625,171.13999938964844,168.56703186035156,195432700
168.27999877929688,170.5800018310547,167.4600067138672,169.75,167.19790649414062,107499100
171.55999755859375,173.1999969482422,169.1199951171875,172.99000549316406,170.3892364501953,91185900
173.0399932861328,175.86000061035156,172.14999389648438,175.63999938964844,172.99937438964844,92135300
175.85000610351562,176.85000610351562,175.27000427246094,176.27999877929688,173.62974548339844,68356600
177.08999633789062,180.4199981689453,177.07000732421875,180.3300018310547,177.61888122558594,74919600
180.16000366210935,181.3300018310547,178.52999877929688,179.2899932861328,176.59451293945312,79144300
179.3300018310547,180.6300048828125,178.13999938964844,179.3800048828125,176.68313598632812,62348900
179.47000122070312,180.57000732421875,178.08999633789062,178.1999969482422,175.5209197998047,59773000
178.08999633789062,179.22999572753906,177.25999450683594,177.57000732421875,174.90037536621094,64062300
177.8300018310547,182.8800048828125,177.7100067138672,182.00999450683597,179.2736053466797,104487900
182.6300048828125,182.94000244140625,179.1199951171875,179.6999969482422,176.99838256835938,99310400
179.61000061035156,180.1699981689453,174.63999938964844,174.9199981689453,172.2902069091797,94537600
172.6999969482422,175.3000030517578,171.63999938964844,172.0,169.41409301757812,96904000
172.88999938964844,174.13999938964844,171.02999877929688,172.1699981689453,169.58157348632812,86709100
169.0800018310547,172.5,168.1699981689453,172.19000244140625,169.6012725830078,106765600
172.32000732421875,175.17999267578125,170.82000732421875,175.0800018310547,172.4477996826172,76138300
176.1199951171875,177.17999267578125,174.82000732421875,175.52999877929688,172.89102172851562,74805200
175.77999877929688,176.6199951171875,171.7899932861328,172.19000244140625,169.6012725830078,84505800
171.33999633789062,173.77999877929688,171.08999633789062,173.07000732421875,170.468017578125,80440800
171.50999450683594,172.5399932861328,169.41000366210938,169.8000030517578,167.2471923828125,90956700
170.0,171.0800018310547,165.94000244140625,166.22999572753906,163.73085021972656,94815000
166.97999572753906,169.67999267578125,164.17999267578125,164.50999450683594,162.03671264648438,91420500
164.4199981689453,166.3300018310547,162.3000030517578,162.41000366210938,159.96832275390625,122848900
160.02000427246094,162.3000030517578,154.6999969482422,161.6199951171875,159.1901397705078,162294600
158.97999572753906,162.75999450683594,157.02000427246094,159.77999877929688,157.37782287597656,115798400
163.5,164.38999938964844,157.82000732421875,159.69000244140625,157.2891845703125,108275300
162.4499969482422,163.83999633789062,158.27999877929688,159.22000122070312,156.82623291015625,121954600
165.7100067138672,170.35000610351562,162.8000030517578,170.3300018310547,167.7692413330078,179935700
170.16000366210938,175.0,169.50999450683594,174.77999877929688,172.15232849121094,115541600
174.00999450683594,174.83999633789062,172.30999755859375,174.61000061035156,171.98487854003906,86213900
174.75,175.8800048828125,173.3300018310547,175.83999633789062,173.19638061523438,84914300
174.47999572753906,176.24000549316406,172.1199951171875,172.89999389648438,170.30056762695312,89418100
171.67999267578125,174.10000610351562,170.67999267578125,172.38999938964844,170.0145721435547,82465400
172.86000061035156,173.9499969482422,170.9499969482422,171.66000366210938,169.2946319580078,77251200
171.72999572753906,175.35000610351562,171.42999267578125,174.8300018310547,172.42095947265625,74829200
176.0500030517578,176.64999389648438,174.89999389648438,176.27999877929688,173.8509521484375,71285000
174.13999938964844,175.47999572753906,171.5500030517578,172.1199951171875,169.74832153320312,90865900
172.3300018310547,173.0800018310547,168.0399932861328,168.63999938964844,166.3162384033203,98670700
167.3699951171875,169.5800018310547,166.55999755859375,168.8800048828125,166.5529327392578,86185500
170.97000122070312,172.9499969482422,170.25,172.7899932861328,170.4090576171875,62527400
171.85000610351562,173.33999633789062,170.0500030517578,172.5500030517578,170.17236328125,61177400
171.02999877929688,171.91000366210938,168.47000122070312,168.8800048828125,166.5529327392578,69589300
169.82000732421875,170.5399932861328,166.19000244140625,167.3000030517578,164.99472045898438,82772700
164.97999572753906,166.69000244140625,162.14999389648438,164.32000732421875,162.0557861328125,91162800
165.5399932861328,166.14999389648438,159.75,160.07000732421875,157.86431884765625,90009200
152.5800018310547,162.85000610351562,152.0,162.74000549316406,160.49754333496094,141147500
163.83999633789062,165.1199951171875,160.8699951171875,164.85000610351562,162.5784912109375,91974200
163.05999755859375,165.4199981689453,162.42999267578125,165.1199951171875,162.84474182128906,95056600
164.6999969482422,166.60000610351562,161.97000122070312,163.1999969482422,160.95120239257812,83474400
164.38999938964844,167.36000061035156,162.9499969482422,166.55999755859375,164.26492309570312,79724800
168.47000122070312,168.91000366210938,165.5500030517578,166.22999572753906,163.93946838378906,76678400
164.49000549316406,165.5500030517578,162.10000610351562,163.1699981689453,160.92161560058594,83737200
163.36000061035156,165.02000427246094,159.0399932861328,159.3000030517578,157.1049346923828,96418800
158.82000732421875,162.8800048828125,155.8000030517578,157.44000244140625,155.2705841064453,131148300
161.47999572753906,163.41000366210938,159.41000366210938,162.9499969482422,160.70465087890625,91454900
160.1999969482422,160.38999938964844,155.97999572753906,158.52000427246094,156.33570861816406,105342000
158.92999267578125,159.27999877929688,154.5,154.72999572753906,152.59791564941406,96970100
151.4499969482422,154.1199951171875,150.10000610351562,150.6199951171875,148.54454040527344,108732100
150.89999389648438,155.57000732421875,150.3800048828125,155.08999633789062,152.9529571533203,92964300
157.0500030517578,160.0,154.4600067138672,159.58999633789062,157.3909454345703,102300200
158.61000061035156,161.0,157.6300048828125,160.6199951171875,158.40673828125,75615400
160.50999450683594,164.47999572753906,159.75999450683594,163.97999572753906,161.72044372558594,123511700
163.50999450683594,166.35000610351562,163.00999450683594,165.3800048828125,163.10116577148438,95811400
165.50999450683594,169.4199981689453,164.91000366210938,168.82000732421875,166.4937744140625,81532000
167.99000549316406,172.63999938964844,167.64999389648438,170.2100067138672,167.86460876464844,98062700
171.05999755859375,174.13999938964844,170.2100067138672,174.07000732421875,171.6714324951172,90131400
173.8800048828125,175.27999877929688,172.75,174.72000122070312,172.3125,80546200
172.1699981689453,175.72999572753906,172.0,175.60000610351562,173.18035888671875,90371900
176.69000244140625,179.00999450683594,176.33999633789062,178.9600067138672,176.49403381347656,100589400
178.5500030517578,179.61000061035156,176.6999969482422,177.77000427246094,175.3204345703125,92633200
177.83999633789062,178.02999877929688,174.39999389648438,174.61000061035156,172.20399475097656,103049300
174.02999877929688,174.8800048828125,171.94000244140625,174.30999755859375,171.9081268310547,78751300
174.57000732421875,178.49000549316406,174.44000244140625,178.44000244140625,175.981201171875,76468400
177.5,178.3000030517578,174.4199981689453,175.05999755859375,172.64781188964844,73401800
172.36000061035156,173.6300048828125,170.1300048828125,171.8300018310547,169.46231079101562,89058800
171.16000366210938,173.36000061035156,169.85000610351562,172.13999938964844,169.7680206298828,77594700
171.77999877929688,171.77999877929688,169.1999969482422,170.08999633789062,167.74627685546875,76575500
168.7100067138672,169.02999877929688,165.5,165.75,163.46607971191406,72246700
168.02000427246094,169.8699951171875,166.63999938964844,167.66000366210938,165.34974670410156,79265200
167.38999938964844,171.0399932861328,166.77000427246094,170.39999389648438,168.052001953125,70618900
170.6199951171875,171.27000427246094,165.0399932861328,165.2899932861328,163.0124053955078,75329400
163.9199981689453,166.60000610351562,163.57000732421875,165.07000732421875,162.79547119140625,69023900
165.02000427246094,167.82000732421875,163.91000366210938,167.39999389648438,165.09332275390625,67723800
168.75999450683594,168.8800048828125,166.10000610351562,167.22999572753906,164.9256591796875,67929800
168.91000366210938,171.52999877929688,165.91000366210938,166.4199981689453,164.12681579589844,87227800
166.4600067138672,167.8699951171875,161.5,161.7899932861328,159.5606231689453,84882400
161.1199951171875,163.1699981689453,158.4600067138672,162.8800048828125,160.63563537597656,96046400
162.25,162.33999633789062,156.72000122070312,156.8000030517578,154.639404296875,95623200
155.91000366210938,159.7899932861328,155.3800048828125,156.57000732421875,154.41258239746094,88063200
159.25,164.52000427246094,158.92999267578125,163.63999938964844,161.3851318359375,130216800
161.83999633789062,166.1999969482422,157.25,157.64999389648438,155.4776611328125,131747600
156.7100067138672,158.22999572753906,153.27000427246094,157.9600067138672,155.78341674804688,123055300
158.14999389648438,160.7100067138672,156.32000732421875,159.47999572753906,157.28245544433594,88966500
159.6699981689453,166.47999572753906,159.25999450683594,166.02000427246094,163.7323760986328,108256500
163.85000610351562,164.0800018310547,154.9499969482422,156.77000427246094,154.60980224609375,130525300
156.00999450683594,159.44000244140625,154.17999267578125,157.27999877929688,155.34068298339844,116124600
154.92999267578125,155.8300018310547,151.49000549316406,152.05999755859375,150.18502807617188,131577900
155.52000427246094,156.74000549316406,152.92999267578125,154.50999450683594,152.60482788085938,115366700
153.5,155.4499969482422,145.80999755859375,146.5,144.693603515625,142689800
142.77000427246094,146.1999969482422,138.8000030517578,142.55999755859375,140.8021697998047,182602000
144.58999633789062,148.10000610351562,143.11000061035156,147.11000061035156,145.2960968017578,113990900
145.5500030517578,147.52000427246094,144.17999267578125,145.5399932861328,143.7454376220703,86643800
148.86000061035156,149.77000427246094,146.67999267578125,149.24000549316406,147.39979553222656,78336300
146.85000610351562,147.36000061035156,139.89999389648438,140.82000732421875,139.08364868164062,109742900
139.8800048828125,141.66000366210938,136.60000610351562,137.35000610351562,135.65643310546875,136095600
139.08999633789062,140.6999969482422,132.61000061035156,137.58999633789062,135.89349365234375,137426100
137.7899932861328,143.25999450683594,137.64999389648438,143.11000061035156,141.3454132080078,117726300
140.80999755859375,141.97000122070312,137.3300018310547,140.36000061035156,138.62930297851562,104132700
138.42999267578125,141.7899932861328,138.33999633789062,140.52000427246094,138.787353515625,92482700
137.38999938964844,144.33999633789062,137.13999938964844,143.77999877929688,142.0071563720703,90601500
145.38999938964844,149.67999267578125,145.25999450683594,149.63999938964844,147.79489135742188,90978500
149.07000732421875,150.66000366210938,146.83999633789062,148.83999633789062,147.00474548339844,103718400
149.89999389648438,151.74000549316406,147.67999267578125,148.7100067138672,146.87637329101562,74286600
147.8300018310547,151.27000427246094,146.86000061035156,151.2100067138672,149.34555053710938,72348100
146.89999389648438,147.97000122070312,144.4600067138672,145.3800048828125,143.58743286132812,88570300
147.02999877929688,148.57000732421875,144.89999389648438,146.13999938964844,144.33802795410156,71598400
144.35000610351562,149.0,144.10000610351562,148.7100067138672,146.87637329101562,67808200
148.5800018310547,149.8699951171875,147.4600067138672,147.9600067138672,146.13560485839844,53950200
147.0800018310547,147.9499969482422,142.52999877929688,142.63999938964844,140.88119506835938,69473000
140.27999877929688,140.75999450683594,137.05999755859375,137.1300048828125,135.43914794921875,91437900
132.8699951171875,135.1999969482422,131.44000244140625,131.8800048828125,130.25390625,122207100
133.1300048828125,133.88999938964844,131.47999572753906,132.75999450683594,131.12303161621094,84784300
134.2899932861328,137.33999633789062,132.16000366210938,135.42999267578125,133.7600860595703,91533000
132.0800018310547,132.38999938964844,129.0399932861328,130.05999755859375,128.45631408691406,108123900
130.07000732421875,133.0800018310547,129.80999755859375,131.55999755859375,129.9378204345703,134520300
133.4199981689453,137.05999755859375,133.32000732421875,135.8699951171875,134.19467163085938,81000500
134.7899932861328,137.75999450683594,133.91000366210938,135.35000610351562,133.6811065673828,73409200
136.82000732421875,138.58999633789062,135.6300048828125,138.27000427246094,136.56507873535156,72433800
139.89999389648438,141.91000366210938,139.77000427246094,141.66000366210938,139.9132843017578,89116800
142.6999969482422,143.49000549316406,140.97000122070312,141.66000366210938,139.9132843017578,70207900
142.1300048828125,143.4199981689453,137.32000732421875,137.44000244140625,135.7453155517578,67083400
137.4600067138672,140.6699981689453,136.6699981689453,139.22999572753906,137.51324462890625,66242400
137.25,138.3699951171875,133.77000427246094,136.72000122070312,135.03419494628906,98964500
136.0399932861328,139.0399932861328,135.66000366210938,138.92999267578125,137.21694946289062,71051600
137.77000427246094,141.61000061035156,136.92999267578125,141.55999755859375,139.8145294189453,73353800
141.35000610351562,144.1199951171875,141.0800018310547,142.9199981689453,141.15774536132812,74064300
143.2899932861328,146.5500030517578,143.27999877929688,146.35000610351562,144.5454559326172,66253700
145.25999450683594,147.5500030517578,145.0,147.0399932861328,145.22695922851562,64547800
145.6699981689453,146.63999938964844,143.77999877929688,144.8699951171875,143.0836944580078,63141600
145.75999450683594,148.4499969482422,145.0500030517578,145.86000061035156,144.06150817871094,77588800
142.99000549316406,146.4499969482422,142.1199951171875,145.49000549316406,143.69606018066406,71185600
144.0800018310547,148.9499969482422,143.25,148.47000122070312,146.6393280029297,78140700
149.77999877929688,150.86000061035156,148.1999969482422,150.1699981689453,148.31837463378906,76259900
150.74000549316406,151.57000732421875,146.6999969482422,147.07000732421875,145.25660705566406,81420900
147.9199981689453,151.22999572753906,146.91000366210938,151.0,149.1381378173828,82982400
151.1199951171875,153.72000122070312,150.3699951171875,153.0399932861328,151.15293884277344,64823400
154.5,155.57000732421875,151.94000244140625,155.35000610351562,153.4344940185547,65086600
155.38999938964844,156.27999877929688,153.41000366210938,154.08999633789062,152.19000244140625,66675400
154.00999450683594,155.0399932861328,152.27999877929688,152.9499969482422,151.06407165527344,53623900
152.25999450683594,153.08999633789062,150.8000030517578,151.60000610351562,149.730712890625,55138700
152.5800018310547,157.3300018310547,152.16000366210938,156.7899932861328,154.85671997070312,78620700
156.97999572753906,157.63999938964844,154.41000366210938,157.35000610351562,155.40982055664062,81378700
161.24000549316406,163.6300048828125,159.5,162.50999450683594,160.50621032714844,101786900
161.00999450683594,163.58999633789062,160.88999938964844,161.50999450683594,159.51852416992188,67829400
160.10000610351562,162.41000366210938,159.6300048828125,160.00999450683594,158.03701782226562,59907000
160.83999633789062,166.58999633789062,160.75,166.1300048828125,164.08155822753906,82507500
166.00999450683594,167.19000244140625,164.42999267578125,165.80999755859375,163.76551818847656,55474100
163.2100067138672,165.85000610351562,163.0,165.35000610351562,163.5380401611328,56697000
166.3699951171875,167.80999755859375,164.1999969482422,164.8699951171875,163.0632781982422,60276900
164.02000427246094,165.82000732421875,163.25,164.9199981689453,163.1127166748047,63135500
167.67999267578125,169.33999633789062,166.89999389648438,169.24000549316406,167.3854217529297,70170500
170.05999755859375,170.99000549316406,168.19000244140625,168.49000549316406,166.6436309814453,57149200
169.82000732421875,172.1699981689453,169.39999389648438,172.10000610351562,170.21405029296875,68039400
171.52000427246094,173.38999938964844,171.35000610351562,173.19000244140625,171.2921142578125,54091700
172.77999877929688,173.7100067138672,171.66000366210938,173.02999877929688,171.1338653564453,56377100
172.77000427246094,176.14999389648438,172.57000732421875,174.5500030517578,172.63722229003906,79542000
173.75,174.89999389648438,173.1199951171875,174.14999389648438,172.24159240722656,62290100
173.02999877929688,173.74000549316406,171.30999755859375,171.52000427246094,169.6404266357422,70346300
169.69000244140625,169.86000061035156,167.13999938964844,167.57000732421875,165.7336883544922,69026800
167.0800018310547,168.7100067138672,166.64999389648438,167.22999572753906,165.39743041992188,54147100
167.32000732421875,168.11000061035156,166.25,167.52999877929688,165.69415283203125,53841500
168.77999877929688,170.13999938964844,168.35000610351562,170.02999877929688,168.16673278808594,51218200
170.57000732421875,171.0500030517578,163.55999755859375,163.6199951171875,161.82699584960938,78961000
161.14999389648438,162.89999389648438,159.82000732421875,161.3800048828125,159.61155700683594,73314000
162.1300048828125,162.55999755859375,157.72000122070312,158.91000366210938,157.16860961914062,77906200
160.30999755859375,160.5800018310547,157.13999938964844,157.22000122070312,155.4971160888672,87991100
156.63999938964844,158.4199981689453,154.6699981689453,157.9600067138672,156.22900390625,74229900
159.75,160.36000061035156,154.97000122070312,155.80999755859375,154.10256958007812,76957800
156.47000122070312,157.08999633789062,153.69000244140625,154.52999877929688,152.83657836914062,73714800
154.82000732421875,156.6699981689453,153.61000061035156,155.9600067138672,154.25091552734375,87449600
154.63999938964844,156.36000061035156,152.67999267578125,154.4600067138672,152.7673797607422,84923800
155.47000122070312,157.82000732421875,154.75,157.3699951171875,155.64547729492188,68028800
159.58999633789062,164.25999450683594,159.3000030517578,163.42999267578125,161.63906860351562,104956000
159.89999389648438,160.5399932861328,153.3699951171875,153.83999633789062,152.15415954589844,122656600
154.7899932861328,157.10000610351562,153.61000061035156,155.30999755859375,153.60804748535156,87965400
154.64999389648438,155.24000549316406,151.3800048828125,152.3699951171875,150.70025634765625,90481100
151.2100067138672,151.35000610351562,148.3699951171875,150.6999969482422,149.04856872558594,162278800
149.30999755859375,154.55999755859375,149.10000610351562,154.47999572753906,152.78713989257812,81474200
153.39999389648438,158.0800018310547,153.0800018310547,156.89999389648438,155.1806182861328,107689800
157.33999633789062,158.74000549316406,153.60000610351562,153.72000122070312,152.03549194335938,101696800
152.3800048828125,154.47000122070312,150.91000366210938,152.74000549316406,151.06622314453125,86652500
151.19000244140625,151.47000122070312,148.55999755859375,150.42999267578125,148.78152465820312,96029900
149.66000366210938,153.77000427246094,149.63999938964844,150.77000427246094,149.11778259277344,93339400
152.74000549316406,154.72000122070312,149.9499969482422,151.75999450683594,150.0969696044922,84442700
147.63999938964844,150.63999938964844,144.83999633789062,149.83999633789062,148.197998046875,146691400
146.10000610351562,146.72000122070312,140.67999267578125,142.47999572753906,140.91864013671875,128138200
141.27999877929688,143.10000610351562,138.0,138.1999969482422,136.685546875,124925300
138.2100067138672,143.07000732421875,137.69000244140625,142.4499969482422,140.88897705078125,114311700
145.02999877929688,146.22000122070312,144.25999450683594,146.10000610351562,144.49899291992188,87830100
144.07000732421875,147.3800048828125,143.00999450683594,146.39999389648438,144.79566955566406,79471000
145.80999755859375,147.5399932861328,145.22000122070312,145.42999267578125,143.83631896972656,68402200
142.5399932861328,143.10000610351562,139.4499969482422,140.08999633789062,138.55482482910156,85925600
140.4199981689453,141.88999938964844,138.57000732421875,140.4199981689453,138.88121032714844,74899000
139.89999389648438,141.35000610351562,138.22000122070312,138.97999572753906,137.45700073242188,77033700
139.1300048828125,140.36000061035156,138.16000366210938,138.33999633789062,136.82400512695312,70433700
134.99000549316406,143.58999633789062,134.3699951171875,142.99000549316406,141.4230499267578,113224000
144.30999755859375,144.52000427246094,138.19000244140625,138.3800048828125,136.86358642578125,88598000
141.07000732421875,142.89999389648438,140.27000427246094,142.41000366210938,140.8494110107422,85250900
145.49000549316406,146.6999969482422,140.61000061035156,143.75,142.1747283935547,99136600
141.69000244140625,144.9499969482422,141.5,143.86000061035156,142.2835235595703,61758300
143.02000427246094,145.88999938964844,142.64999389648438,143.38999938964844,141.8186492919922,64522000
142.8699951171875,147.85000610351562,142.64999389648438,147.27000427246094,145.65615844726562,86548600
147.19000244140625,150.22999572753906,146.0,149.4499969482422,147.81227111816406,75981900
150.08999633789062,152.49000549316406,149.36000061035156,152.33999633789062,150.6705780029297,74732300
150.9600067138672,151.99000549316406,148.0399932861328,149.35000610351562,147.71339416503906,88194300
148.07000732421875,149.0500030517578,144.1300048828125,144.8000030517578,143.21322631835938,109180200
148.1999969482422,157.5,147.82000732421875,155.74000549316406,154.03334045410156,164762400
153.16000366210938,154.24000549316406,151.9199981689453,153.33999633789062,151.65965270996094,97943200
155.0800018310547,155.4499969482422,149.1300048828125,150.64999389648438,148.9990997314453,80379300
148.9499969482422,152.1699981689453,145.0,145.02999877929688,143.4407196044922,93604600
142.05999755859375,142.8000030517578,138.75,138.8800048828125,137.35809326171875,97918500
142.08999633789062,142.6699981689453,134.3800048828125,138.3800048828125,137.09060668945312,140814800
137.11000061035156,139.14999389648438,135.6699981689453,138.9199981689453,137.6255645751953,83374600
140.41000366210938,141.42999267578125,137.49000549316406,139.5,138.20018005371094,89908500
138.5,138.5500030517578,134.58999633789062,134.8699951171875,133.61329650878906,74917800
141.24000549316406,146.8699951171875,139.5,146.8699951171875,145.50149536132812,118854000
145.82000732421875,150.00999450683594,144.3699951171875,149.6999969482422,148.3051300048828,93979700
148.97000122070312,150.27999877929688,147.42999267578125,148.27999877929688,146.8983612060547,73374100
152.22000122070312,153.58999633789062,148.55999755859375,150.0399932861328,148.6419677734375,89868300
149.1300048828125,149.8699951171875,147.2899932861328,148.7899932861328,147.40359497070312,64218300
146.42999267578125,151.47999572753906,146.14999389648438,150.72000122070312,149.31561279296875,80389400
152.30999755859375,152.6999969482422,149.97000122070312,151.2899932861328,149.8803253173828,74829600
150.16000366210938,150.3699951171875,147.72000122070312,148.00999450683594,146.63084411621094,58724100
148.1300048828125,150.4199981689453,146.92999267578125,150.17999267578125,148.78065490722656,51804100
149.4499969482422,151.8300018310547,149.33999633789062,151.07000732421875,149.662353515625,58301400
148.30999755859375,148.8800048828125,147.1199951171875,148.11000061035156,146.72994995117188,35195900
145.13999938964844,146.63999938964844,143.3800048828125,144.22000122070312,142.87620544433594,69246000
144.2899932861328,144.80999755859375,140.35000610351562,141.1699981689453,139.8546142578125,83763800
141.39999389648438,148.72000122070312,140.5500030517578,148.02999877929688,146.65069580078125,111380900
148.2100067138672,149.1300048828125,146.61000061035156,148.30999755859375,146.92808532714844,71250400
145.9600067138672,148.0,145.64999389648438,147.80999755859375,146.4327392578125,65447400
147.77000427246094,150.9199981689453,145.77000427246094,146.6300048828125,145.2637481689453,68826400
147.07000732421875,147.3000030517578,141.9199981689453,142.91000366210938,141.57843017578125,64727200
142.19000244140625,143.3699951171875,140.0,140.94000244140625,139.6267547607422,69721100
142.36000061035156,143.52000427246094,141.10000610351562,142.64999389648438,141.32081604003906,62128300
142.33999633789062,145.57000732421875,140.89999389648438,142.16000366210938,140.8353729248047,76097000
142.6999969482422,144.5,141.05999755859375,144.49000549316406,143.14369201660156,70462700
149.5,149.97000122070312,144.24000549316406,145.47000122070312,144.11456298828125,93886200
145.35000610351562,146.66000366210938,141.16000366210938,143.2100067138672,141.8756103515625,82291200
141.11000061035156,141.8000030517578,136.02999877929688,136.5,135.22811889648438,98931900
136.69000244140625,137.64999389648438,133.72999572753906,134.50999450683594,133.25665283203125,160156900
135.11000061035156,135.1999969482422,131.32000732421875,132.3699951171875,131.13661193847656,79592600
131.38999938964844,133.25,129.88999938964844,132.3000030517578,131.0672607421875,77432800
132.97999572753906,136.80999755859375,132.75,135.4499969482422,134.18792724609375,85928000
134.35000610351562,134.55999755859375,130.3000030517578,132.22999572753906,130.99790954589844,77852100
130.9199981689453,132.4199981689453,129.63999938964844,131.86000061035156,130.63134765625,63814900
131.3800048828125,131.41000366210938,128.72000122070312,130.02999877929688,128.81842041015625,69007800
129.6699981689453,131.02999877929688,125.87000274658205,126.04000091552734,124.8656005859375,85438400
127.98999786376952,130.47999572753906,127.7300033569336,129.61000061035156,128.40234375,75703700
128.41000366210938,129.9499969482422,127.43000030517578,129.92999267578125,128.71934509277344,77034200
